[
{
  "model": "contenttypes.contenttype",
  "pk": 1,
  "fields": {
    "app_label": "auth",
    "model": "permission"
  }
},
{
  "model": "contenttypes.contenttype",
  "pk": 2,
  "fields": {
    "app_label": "auth",
    "model": "group"
  }
},
{
  "model": "contenttypes.contenttype",
  "pk": 3,
  "fields": {
    "app_label": "auth",
    "model": "user"
  }
},
{
  "model": "contenttypes.contenttype",
  "pk": 4,
  "fields": {
    "app_label": "contenttypes",
    "model": "contenttype"
  }
},
{
  "model": "contenttypes.contenttype",
  "pk": 5,
  "fields": {
    "app_label": "sessions",
    "model": "session"
  }
},
{
  "model": "contenttypes.contenttype",
  "pk": 6,
  "fields": {
    "app_label": "admin",
    "model": "logentry"
  }
},
{
  "model": "contenttypes.contenttype",
  "pk": 7,
  "fields": {
    "app_label": "blog",
    "model": "comment"
  }
},
{
  "model": "contenttypes.contenttype",
  "pk": 8,
  "fields": {
    "app_label": "blog",
    "model": "entry"
  }
},
{
  "model": "contenttypes.contenttype",
  "pk": 9,
  "fields": {
    "app_label": "blog",
    "model": "image"
  }
},
{
  "model": "contenttypes.contenttype",
  "pk": 10,
  "fields": {
    "app_label": "blog",
    "model": "static"
  }
},
{
  "model": "contenttypes.contenttype",
  "pk": 11,
  "fields": {
    "app_label": "blog",
    "model": "tag"
  }
},
{
  "model": "contenttypes.contenttype",
  "pk": 12,
  "fields": {
    "app_label": "deployment",
    "model": "deployment"
  }
},
{
  "model": "contenttypes.contenttype",
  "pk": 13,
  "fields": {
    "app_label": "sitetree",
    "model": "tree"
  }
},
{
  "model": "contenttypes.contenttype",
  "pk": 14,
  "fields": {
    "app_label": "sitetree",
    "model": "treeitem"
  }
},
{
  "model": "contenttypes.contenttype",
  "pk": 15,
  "fields": {
    "app_label": "reading",
    "model": "text"
  }
},
{
  "model": "contenttypes.contenttype",
  "pk": 16,
  "fields": {
    "app_label": "reading",
    "model": "topic"
  }
},
{
  "model": "contenttypes.contenttype",
  "pk": 17,
  "fields": {
    "app_label": "reading",
    "model": "type"
  }
},
{
  "model": "contenttypes.contenttype",
  "pk": 18,
  "fields": {
    "app_label": "blog",
    "model": "menu"
  }
},
{
  "model": "sessions.session",
  "pk": "2c2frgveo6tecqjh7b9fys75s02gptoa",
  "fields": {
    "session_data": "YTZlYTZkODIyZDUxZjU4ZGEwMDQwNWZlY2Q5ODI1NzMyMjAxMzFmNDp7Il9hdXRoX3VzZXJfaWQiOiIxIiwiX2F1dGhfdXNlcl9iYWNrZW5kIjoiZGphbmdvLmNvbnRyaWIuYXV0aC5iYWNrZW5kcy5Nb2RlbEJhY2tlbmQiLCJfYXV0aF91c2VyX2hhc2giOiIxYjVhOGY1YzE0YjU4ZjBlNmJiZDAxZmE1Yzc1M2Y3YTI5NDllMmIxIn0=",
    "expire_date": "2020-03-15T08:45:38.099"
  }
},
{
  "model": "sessions.session",
  "pk": "q8ktygzrdqbbdwyz931h2oqr3vvkl3s7",
  "fields": {
    "session_data": "YTZlYTZkODIyZDUxZjU4ZGEwMDQwNWZlY2Q5ODI1NzMyMjAxMzFmNDp7Il9hdXRoX3VzZXJfaWQiOiIxIiwiX2F1dGhfdXNlcl9iYWNrZW5kIjoiZGphbmdvLmNvbnRyaWIuYXV0aC5iYWNrZW5kcy5Nb2RlbEJhY2tlbmQiLCJfYXV0aF91c2VyX2hhc2giOiIxYjVhOGY1YzE0YjU4ZjBlNmJiZDAxZmE1Yzc1M2Y3YTI5NDllMmIxIn0=",
    "expire_date": "2020-04-01T21:00:10.128"
  }
},
{
  "model": "blog.menu",
  "pk": 5,
  "fields": {
    "tn_ancestors_pks": "",
    "tn_ancestors_count": 0,
    "tn_children_pks": "6,7,8",
    "tn_children_count": 3,
    "tn_depth": 1,
    "tn_descendants_pks": "6,7,8",
    "tn_descendants_count": 3,
    "tn_index": 0,
    "tn_level": 1,
    "tn_parent": null,
    "tn_priority": 100,
    "tn_order": 0,
    "tn_siblings_pks": "",
    "tn_siblings_count": 0,
    "name": "root",
    "url": "/"
  }
},
{
  "model": "blog.menu",
  "pk": 6,
  "fields": {
    "tn_ancestors_pks": "5",
    "tn_ancestors_count": 1,
    "tn_children_pks": "",
    "tn_children_count": 0,
    "tn_depth": 0,
    "tn_descendants_pks": "",
    "tn_descendants_count": 0,
    "tn_index": 0,
    "tn_level": 2,
    "tn_parent": 5,
    "tn_priority": 50,
    "tn_order": 1,
    "tn_siblings_pks": "7,8",
    "tn_siblings_count": 2,
    "name": "stilus",
    "url": "/stilus"
  }
},
{
  "model": "blog.menu",
  "pk": 7,
  "fields": {
    "tn_ancestors_pks": "5",
    "tn_ancestors_count": 1,
    "tn_children_pks": "",
    "tn_children_count": 0,
    "tn_depth": 0,
    "tn_descendants_pks": "",
    "tn_descendants_count": 0,
    "tn_index": 1,
    "tn_level": 2,
    "tn_parent": 5,
    "tn_priority": 40,
    "tn_order": 2,
    "tn_siblings_pks": "6,8",
    "tn_siblings_count": 2,
    "name": "blog",
    "url": "/blog"
  }
},
{
  "model": "blog.menu",
  "pk": 8,
  "fields": {
    "tn_ancestors_pks": "5",
    "tn_ancestors_count": 1,
    "tn_children_pks": "",
    "tn_children_count": 0,
    "tn_depth": 0,
    "tn_descendants_pks": "",
    "tn_descendants_count": 0,
    "tn_index": 2,
    "tn_level": 2,
    "tn_parent": 5,
    "tn_priority": 30,
    "tn_order": 3,
    "tn_siblings_pks": "6,7",
    "tn_siblings_count": 2,
    "name": "contact",
    "url": "/contact"
  }
},
{
  "model": "blog.tag",
  "pk": 4,
  "fields": {
    "tag": "Django"
  }
},
{
  "model": "blog.tag",
  "pk": 5,
  "fields": {
    "tag": "ElevenBits"
  }
},
{
  "model": "blog.tag",
  "pk": 6,
  "fields": {
    "tag": "Linux"
  }
},
{
  "model": "blog.tag",
  "pk": 7,
  "fields": {
    "tag": "Python"
  }
},
{
  "model": "blog.tag",
  "pk": 8,
  "fields": {
    "tag": "Eclipse"
  }
},
{
  "model": "blog.tag",
  "pk": 9,
  "fields": {
    "tag": "Debian"
  }
},
{
  "model": "blog.tag",
  "pk": 10,
  "fields": {
    "tag": "PDF"
  }
},
{
  "model": "blog.tag",
  "pk": 11,
  "fields": {
    "tag": "Maven"
  }
},
{
  "model": "blog.tag",
  "pk": 12,
  "fields": {
    "tag": "Java"
  }
},
{
  "model": "blog.tag",
  "pk": 13,
  "fields": {
    "tag": "Ubuntu"
  }
},
{
  "model": "blog.tag",
  "pk": 14,
  "fields": {
    "tag": "Software development"
  }
},
{
  "model": "blog.tag",
  "pk": 15,
  "fields": {
    "tag": "Project management"
  }
},
{
  "model": "blog.tag",
  "pk": 17,
  "fields": {
    "tag": "Cherokee"
  }
},
{
  "model": "blog.tag",
  "pk": 18,
  "fields": {
    "tag": "stilus"
  }
},
{
  "model": "blog.image",
  "pk": 1,
  "fields": {
    "image": "tmp/python.jpg",
    "description": "Python Rules",
    "height": 900,
    "width": 1440
  }
},
{
  "model": "blog.image",
  "pk": 2,
  "fields": {
    "image": "tmp/2429092c42f6f2ed3a8e3fb9926e9.jpg",
    "description": "one",
    "height": 1480,
    "width": 2400
  }
},
{
  "model": "blog.image",
  "pk": 3,
  "fields": {
    "image": "tmp/bdcdb94c0a7c1ce633594956cc54f.jpg",
    "description": "two",
    "height": 1480,
    "width": 2400
  }
},
{
  "model": "blog.image",
  "pk": 4,
  "fields": {
    "image": "tmp/bdcdb94c0a7c1ce633594956cc54f_NLYVunD.jpg",
    "description": "ervfdvfd",
    "height": 1480,
    "width": 2400
  }
},
{
  "model": "blog.image",
  "pk": 5,
  "fields": {
    "image": "tmp/thumbnail.png",
    "description": "Code to code.",
    "height": 520,
    "width": 988
  }
},
{
  "model": "blog.image",
  "pk": 6,
  "fields": {
    "image": "tmp/gbowden_morzine.jpg",
    "description": "wafsezgts",
    "height": 2567,
    "width": 3840
  }
},
{
  "model": "blog.image",
  "pk": 7,
  "fields": {
    "image": "tmp/sguiheneuc_contrast.jpg",
    "description": "regg",
    "height": 2248,
    "width": 4000
  }
},
{
  "model": "blog.entry",
  "pk": 1,
  "fields": {
    "created": "2009-06-25T04:02:00",
    "page": "BG",
    "title": "My first own blog!",
    "body": "This is my first blog entry ever :-)",
    "active": true,
    "posted": "2009-06-26T10:51:37",
    "tags": [
      4,
      5,
      6,
      7
    ],
    "images": []
  }
},
{
  "model": "blog.entry",
  "pk": 2,
  "fields": {
    "created": "2009-07-21T17:58:02",
    "page": "BG",
    "title": "Eclipse and Django development setup",
    "body": "To develop Django applications, I use Eclipse with the Pydev plugin with some other extras.  Here is a small how-to on my setup:\r\n\r\nDownload and install these different components:\r\n\r\n * ####Django\r\n\r\n    I'm using [Django 1.0.2 final](http://www.djangoproject.com/download/) but I guess that Django's 1.1 beta or the development release would also work fine.\r\n\r\n * ####Eclipse\r\n\r\n    Just download [the eclipse platform release](http://www.eclipse.org/downloads/) and install it.\r\n\r\n * ####Pydev\r\n\r\n    Then download the [Python IDE plugin](http://pydev.sourceforge.net/download.html) and install it through the update manager, using these [guidelines](http://www.fabioz.com/pydev/manual_101_install.html).  Then you can use [this page](http://www.fabioz.com/pydev/manual_101_interpreter.html) to configure the Python interpreter. \r\n\r\n * ####Subversion\r\n\r\n    A project is never complete when it is not version controlled.  So install [Subversion](http://svn.tigris.org) and the [Subversion plugin](http://community.polarion.com/index.php?page=overview&project=subversive).  When installing the plugin, take care to select the correct features.  The *SVN Team Provider* is required, together with at least one *SVN Connector*.  I selected the [SVNKit](http://svnkit.com/) as my connector.\r\n\r\nThen create your own Django projects.  This can be done using the Eclipse <code>Run -> Run configurations</code>.  Here are the settings to start the lightweight development web server through the <code>manage.py</code>:\r\n\r\n![alt code](http://elevenbits.org/static/blog/19.06.2009.001.png \"Run configurations\")\r\n\r\nThen specify <code>runserver</code> as program argument: \r\n\r\n![alt code](http://elevenbits.org/static/blog/20.06.2009.001.png \"Parameters\")\r\n\r\nHappy coding!",
    "active": true,
    "posted": "2009-07-21T17:58:37",
    "tags": [
      4,
      7,
      8
    ],
    "images": []
  }
},
{
  "model": "blog.entry",
  "pk": 3,
  "fields": {
    "created": "2009-08-03T19:00:39",
    "page": "BG",
    "title": "Temporary entry",
    "body": "Beware:\r\n\r\n'''python-psyco'''\r\n\r\n\r\n\r\n    :::python\r\n\r\n    print \"Hello there!\"\r\n\r\n\r\n\r\n\r\n\r\n * One\r\n\r\n * Two\r\n\r\n\r\n\r\nHello there!\r\n\r\n\r\n\r\n    :::java\r\n\r\n    public static void main(String * args) {\r\n\r\n        System.out.println(\"Hello there\");\r\n\r\n        // this is a very loooooooooooooooooooooooooooooooooooooooooooooooooooooooooooooong line and I'm pretty excited to see how markdown and pygments behave!\r\n\r\n        /*\r\n\r\n            a comment line\r\n\r\n            a comment line\r\n\r\n            a comment line\r\n\r\n            a comment line\r\n\r\n            a comment line\r\n\r\n            a comment line\r\n\r\n            a comment line\r\n\r\n            a comment line\r\n\r\n            a comment line\r\n\r\n            a comment line\r\n\r\n        */\r\n\r\n    }\r\n\r\n\r\n\r\nAnd\r\n\r\n\r\n\r\n    :::python\r\n\r\n    import this\r\n\r\n    def demo():\r\n\r\n        pass\r\n\r\n\r\n\r\nInstall pydef:\r\n\r\n\r\n\r\nBeware:\r\n\r\n'''python-psyco'''\r\n\r\n\r\n\r\n    ::::html+django\r\n\r\n    {% extends 'base.html' %}\r\n\r\n    {% load ittybitty_tags %}\r\n\r\n\r\n\r\n    {% block content %}\r\n\r\n    <a href=\"{% ittybitty_url %}\">Link to this page!</a>\r\n\r\n    {% endblock %}\r\n\r\n\r\n\r\n\r\n\r\nHello there!\r\n",
    "active": false,
    "posted": "2009-08-03T19:00:53",
    "tags": [
      7
    ],
    "images": []
  }
},
{
  "model": "blog.entry",
  "pk": 6,
  "fields": {
    "created": "2009-09-11T18:22:01",
    "page": "BG",
    "title": "Howto create your own Ubuntu repository",
    "body": "[Ubuntu](http://www.ubuntu.com) and [Debian](http://www.debian.org) packages are all bundled in something what is called a [repository](http://www.debian.org/doc/manuals/repository-howto/repository-howto).  Some people, like me, create their own: \r\n\r\n######Note:\r\nMy repository links with the [Jaunty](http://packages.ubuntu.com/jaunty/) distribution (that is Ubuntu 9.04).  Your can connect yours to any other, like Debians [experimental repository](http://packages.debian.org/experimental/).\r\n\r\n####First create your own repository.\r\n\r\nMy repository is accessible over the web, so I installed it on my web server:\r\n\r\n    ::::console\r\n    user@box:~$ cd /var/www/\r\n    user@box:/var/www$ sudo mkdir packages\r\n    user@box:/var/www$ cd packages/\r\n\r\nIn this <code>/var/www/packages</code> we will create a pool, the 'jaunty' distribution and the cache directories:\r\n\r\n    ::::console\r\n    user@box:/var/www/packages$ sudo mkdir -p pool/main\r\n    user@box:/var/www/packages$ sudo mkdir -p dists/jaunty/main/binary-i386\r\n    user@box:/var/www/packages$ sudo mkdir .cache\r\n\r\nNow two files need to be created. The first one is the <code>apt-release.conf</code>.  Make sure that it looks like:\r\n\r\n    ::::console\r\n    APT::FTPArchive::Release::Codename \"jaunty\";\r\n    APT::FTPArchive::Release::Origin \"elevenbits.com\";\r\n    APT::FTPArchive::Release::Components \"main\";\r\n    APT::FTPArchive::Release::Label \"ElevenBits Ubuntu Repository\";\r\n    APT::FTPArchive::Release::Architectures \"i386\";\r\n    APT::FTPArchive::Release::Suite \"jaunty;\r\n\r\nThe second file is called <code>apt-ftparchive.conf</code>.  This one should look like:\r\n\r\n    ::::console\r\n    Dir {\r\n         ArchiveDir \".\";\r\n         CacheDir \"./.cache\";\r\n    };\r\n    \r\n    Default {\r\n         Packages::Compress \". gzip bzip2\";\r\n         Contents::Compress \". gzip bzip2\";\r\n    };\r\n    \r\n    TreeDefault {\r\n         BinCacheDB \"packages-$(SECTION)-$(ARCH).db\";\r\n         Directory \"pool/$(SECTION)\";\r\n         Packages \"$(DIST)/$(SECTION)/binary-$(ARCH)/Packages\";\r\n         Contents \"$(DIST)/Contents-$(ARCH)\";\r\n    };\r\n    \r\n    Tree \"dists/jaunty\" {\r\n         Sections \"main\";\r\n         Architectures \"i386\";\r\n    }\r\n\r\nAfter you'd created these file your system should look like this:\r\n\r\n    ::::console\r\n    user@box:/var/www/packages$ ls -al\r\n    total 28\r\n    drwxr-xr-x 5 root root 4096 Aug 14 13:32 .\r\n    drwxr-xr-x 3 root root 4096 Aug 14 13:22 ..\r\n    drwxr-xr-x 2 root root 4096 Aug 14 13:26 .cache\r\n    -rw-r--r-- 1 root root  427 Aug 14 13:32 apt-ftparchive.conf\r\n    -rw-r--r-- 1 root root  282 Aug 14 13:30 apt-release.conf\r\n    drwxr-xr-x 3 root root 4096 Aug 14 13:26 dists\r\n    drwxr-xr-x 3 root root 4096 Aug 14 13:26 pool\r\n\r\n####Add your own packages and update the repository.\r\n\r\nHere the <code>yourpackage</code> package version 1.0 is copied into the new (empty) repository:\r\n\r\n    ::::console\r\n    user@box:~$ cd /var/www/packages/pool/main\r\n    user@box:/var/www/packages/pool/main$ sudo cp ~/yourpackage_1.0_all.deb .\r\n\r\nNow the repo needs to be initialized. This you can do using these commands:\r\n\r\n    ::::console\r\n    user@box:~$ cd /var/www/packages\r\n    user@box:/var/www/packages$ sudo apt-ftparchive generate apt-ftparchive.conf\r\n     pool/main: 1 files 9900B 0s\r\n    Done Packages, Starting contents.\r\n     dists/jaunty/Contents-i386: 1 files 9900B 0s\r\n    Done. 9900B in 1 archives. Took 0s\r\n    user@box:/var/www/packages$ apt-ftparchive -c apt-release.conf release dists/jaunty | sudo tee dists/jaunty/Release\r\n    Architectures: i386\r\n    Codename: jaunty\r\n    Components: main\r\n    Date: Mon, 17 Aug 2009 14:16:41 UTC\r\n    Label: ElevenBits Ubuntu Repository\r\n    Origin: elevenbits.com\r\n    Suite: jaunty\r\n    MD5Sum:\r\n     1d25efc884e5bbfc32eeba74771e322e              536 main/binary-i386/Packages\r\n     574c2e304fb14272b8f70355e93fbe80              416 main/binary-i386/Packages.bz2\r\n     3a0cbc2e4a38e40c8182451c85de1251              390 main/binary-i386/Packages.gz\r\n    SHA1:\r\n     949b9e9045f7698cd64abd4c1fa2261eb5d22f82              536 main/binary-i386/Packages\r\n     6d5d5c841a8890b4491650f4f360d53158d16cc0              416 main/binary-i386/Packages.bz2\r\n     eda59ba70dc9e9d65cf92076e33cb589a07de564              390 main/binary-i386/Packages.gz\r\n    SHA256:\r\n     b30b4e68d8928785d132dbdc6bb4158e75e907e07f00a3b8d206030236b8f94a              536 main/binary-i386/Packages\r\n     38b855ab6e0ce3111f986f26347871827e5e461af9b29b8ccf12773560f63caf              416 main/binary-i386/Packages.bz2\r\n     1d1aec4f2cff1a3b71212083aabfc3f2003c88b70f1f0a2ef32bfbb94c2aa879              390 main/binary-i386/Packages.gz\r\n\r\nAfter this, the repository is ready to be used.  See <code>http://localhost/packages</code> to make sure.\r\n\r\n######Note:\r\nRemember to re-initialize the repo each time the <code>/var/www/packages</code> is altered.\r\n\r\n####Enable the repository on your client machines.\r\n\r\nOn the Ubuntu machines that need access to your repository, use\r\n\r\n    ::::console\r\n    sudo vim /etc/apt/sources.list\r\n\r\nto add in the repository address:\r\n\r\n    ::::sources.list\r\n    deb http://ww.xx.yy.zz/packages jaunty main\r\n\r\nwhere ww.xx.yy.zz is the address where your server lives.\r\n\r\nFrom now on the system has access to our own private repository.  Cool, no?\r\n\r\n",
    "active": true,
    "posted": "2009-09-11T22:25:40",
    "tags": [
      6,
      9
    ],
    "images": []
  }
},
{
  "model": "blog.entry",
  "pk": 7,
  "fields": {
    "created": "2009-09-25T17:33:15",
    "page": "BG",
    "title": "Howto merge PDF documents",
    "body": "It is very simple to merge serveral PDF documents together into one PDF document.  Just make sure that the <code>gs</code> package is installed on your system. \r\n\r\n    ::::console\r\n    user@box:~$ gs -dNOPAUSE -sDEVICE=pdfwrite \\\r\n    > -sOUTPUTFILE=result.pdf \\\r\n    > -dBATCH one.pdf two.pdf three.pdf\r\n\r\nThis command will merge the thee PDF documents <code>one.pdf</code>, <code>two.pdf</code> and <code>three.pdf</code> into the resulting <code>result.pdf</code> document.",
    "active": true,
    "posted": "2009-09-25T17:38:36",
    "tags": [
      6,
      9,
      10
    ],
    "images": []
  }
},
{
  "model": "blog.entry",
  "pk": 8,
  "fields": {
    "created": "2009-10-14T11:59:05",
    "page": "BG",
    "title": "Howto get the UUID of a hard disk",
    "body": "#####What is the UUID?\r\nThe UUID library, present in all Linux systems, is used to generate unique identifiers for objects that may be accessible beyond the local system.  The UUIDs generated by this library can be reasonably expected to be unique within a system, and unique across all systems.  They could be used, for instance, to generate unique HTTP cookies across  multiple web servers without communication between the servers, and without fear of a name clash.  The UUIDs are also used to identify the hard disks on your Linux box.\r\n\r\n#####Retrieve the UUID of your disk using <code>blkid</code>\r\nThe *blkid* program can be used to determine the type of content (e.g. filesystem, swap) a block device holds, and also attributes (tokens, NAME=value pairs) from the content metadata (e.g. LABEL or UUID fields).\r\n\r\n    ::::console\r\n    user@box:~$ blkid /dev/sda5\r\n    /dev/sda5: UUID=\"21fb314a-b170-42b4-960a-07d7930b693f\" TYPE=\"ext3\" \r\n\r\n#####The UUIDs of your disks can also be found in <code>/dev/disk</code>\r\n\r\n    ::::console\r\n    user@box:~$ ls -al /dev/disk/by-uuid\r\n    total 0\r\n    drwxr-xr-x 2 root root 120 2009-10-14 10:31 .\r\n    drwxr-xr-x 5 root root 100 2009-10-14 10:31 ..\r\n    lrwxrwxrwx 1 root root  10 2009-10-14 10:31 0B7E-3FC3 -> ../../sda7\r\n    lrwxrwxrwx 1 root root  10 2009-10-14 10:31 21fb314a-b170-42b4-960a-07d7930b693f -> ../../sda5\r\n    lrwxrwxrwx 1 root root  10 2009-10-14 10:31 50340AA1340A8A64 -> ../../sda1\r\n    lrwxrwxrwx 1 root root  10 2009-10-14 10:31 9e83c2fe-b180-4b46-8b1c-b21eb1634895 -> ../../sda6\r\n\r\n#####Use the <code>vol_id</code> command...\r\n...when you want to see even more info on the hard disk:\r\n\r\n    :::::console\r\n    user@box:~$ sudo vol_id /dev/sda5\r\n    ID_FS_USAGE=filesystem\r\n    ID_FS_TYPE=ext3\r\n    ID_FS_VERSION=1.0\r\n    ID_FS_UUID=21fb314a-b170-42b4-960a-07d7930b693f\r\n    ID_FS_UUID_ENC=21fb314a-b170-42b4-960a-07d7930b693f\r\n    ID_FS_LABEL=\r\n    ID_FS_LABEL_ENC=\r\n",
    "active": true,
    "posted": "2009-10-14T12:01:45",
    "tags": [
      6
    ],
    "images": []
  }
},
{
  "model": "blog.entry",
  "pk": 9,
  "fields": {
    "created": "2009-11-16T08:48:58",
    "page": "BG",
    "title": "Maven ${<property name>} handling",
    "body": "[Maven](http://maven.apache.org) filters <code>${&lt;property name&gt;}</code> automatically from the [pom](http://maven.apache.org/pom.html).  By specifying an extra <code>$</code>, like <code>$${&lt;property name&gt;}</code>, the replacement will not happen.",
    "active": true,
    "posted": "2009-11-23T08:49:16",
    "tags": [
      11,
      12
    ],
    "images": []
  }
},
{
  "model": "blog.entry",
  "pk": 10,
  "fields": {
    "created": "2009-12-24T14:51:18",
    "page": "BG",
    "title": "Howto debianize Java applications",
    "body": "#####Debianization\r\nWhen you are working on a [Java based](http://www.javasoft.com) project, it is often handy to [debianize](http://www.debian.org/doc/maint-guide/) the resulting application.  Using a package installer your application can be easily installed together with its dependencies, it will will be accessible automagically by the all the users of the system and can easily be uninstalled,...\r\n\r\n#####Manually\r\nYou could do this [debianization manually](http://www.debian.org/doc/maint-guide/ch-first.en.html#s-dh_make), but there are many drawbacks when doing so:\r\n\r\n * It would work only for your machine type (e.g. [Ubuntu Karmic](http://packages.ubuntu.com/karmic/), or [Debian Sid](http://packages.debian.org/unstable/)), not for other os types.\r\n * Extra documentation needs to be provided to the other developers in the team.\r\n * It would be a very repetitive job. \r\n * I'm sure errors will be made.\r\n\r\n#####The pkg plugin\r\nWhen the application is built using [Maven](http://maven.apache.org) the [pkg](http://wiki.evolvis.org/mvn-pkg-plugin/index.php/Hauptseite) plugin can be used to automate the [package](http://www.debian.org/doc/FAQ/ch-pkg_basics.en.html) building process.\r\n\r\nThe package builder itself is managed at the [Evolvis site](https://evolvis.org/projects/mvn-pkg-plugin/).  It is created by [Tarent](http://www.tarent.de), an IT company from Bonn, and is released under GPL version 2.\r\n\r\n#####Prepare\r\nBest to start by adding this plugin prepository to your [pom](http://maven.apache.org/pom.html) or your [settings.xml](http://maven.apache.org/settings.html):\r\n\r\n    :::::xml\r\n    <pluginRepositories>\r\n         <pluginRepository>\r\n               <id>evolvis-release-repository</id>\r\n               <name>evolvis.org release repository</name>\r\n               <url>http://maven-repo.evolvis.org/releases</url>\r\n               <snapshots>\r\n                   <enabled>false</enabled>\r\n               </snapshots>\r\n         </pluginRepository>\r\n    </pluginRepositories>\r\n\r\n#####Configure\r\nHere is an example of a simple Java application configured for [Ubuntu Hardy](http://packages.ubuntu.com/hardy/) debianization.  These tags should be placed in the <code>&lt;build&gt;&lt;plugins&gt;</code> section of your pom.  Further down the important tags are explained.\r\n\r\n    :::::xml\r\n    <plugin>\r\n        <groupId>de.tarent.maven.plugins</groupId>\r\n        <artifactId>maven-pkg-plugin</artifactId>\r\n        <version>2.1.4</version>\r\n        <configuration>\r\n             <defaultDistro>ubuntu_hardy</defaultDistro>\r\n             <shortDescription>PPP Monitor</shortDescription>\r\n             <auxPackageMapURL>\r\n                   ${project.baseUri}/src/main/package/elevenbits.xml\r\n             </auxPackageMapURL>\r\n             <defaults>\r\n                  <distros><string>ubuntu_hardy</string></distros>\r\n                  <architecture>all</architecture>\r\n                  <section>misc</section>\r\n                  <mainClass>com.elevenbits.pppmonitor.PPPMonitor</mainClass>\r\n                  <maintainer>\r\n                        ElevenBits &lt;packages@elevenbits.com&gt;\r\n                  </maintainer>\r\n                  <revision>r6</revision>\r\n                  <customCodeUnix>\r\n                        #echo \"Updating classpath...\"\r\n                        POSTFIX=$${CLASSPATH_ARG#* }\r\n                        PREFIX=/etc/pppmonitor\r\n                        CLASSPATH_ARG=\"-cp $PREFIX:$POSTFIX\"\r\n                        #echo \"Classpath: $CLASSPATH_ARG\"\r\n                   </customCodeUnix>\r\n                   <srcSysconfFilesDir>src/main/packager/etc</srcSysconfFilesDir>\r\n                   <sysconfFiles>\r\n                        <sysconfFile>\r\n                             <from>log4j.xml</from>\r\n                             <to>pppmonitor</to>\r\n                        </sysconfFile>\r\n                        <sysconfFile>\r\n                             <from>pppmonitor.properties</from>\r\n                             <to>pppmonitor</to>\r\n                        </sysconfFile>\r\n                   </sysconfFiles>\r\n                   <datadir>\r\n                         /usr/share/pppmonitor/\r\n                   </datadir>\r\n                   <dataFiles>\r\n                        <dataFile>\r\n                             <from>pppmonitor</from>\r\n                             <to></to>\r\n                        </dataFile>\r\n                   </dataFiles>\r\n                   <srcAuxFilesDir>src/main/packager/scripts</srcAuxFilesDir>\r\n                   <postinstScript>postinst.sh</postinstScript>\r\n                   <postrmScript>postrm.sh</postrmScript>\r\n              </defaults>\r\n         </configuration>\r\n    </plugin>\r\n\r\nNow follows the explanation of the important tags.  The [pkg web site](http://wiki.evolvis.org/mvn-pkg-plugin/index.php/Configuration) contains all information on the configuration settings.\r\n\r\n    :::::xml\r\n    <groupId>de.tarent.maven.plugins</groupId>\r\n    <artifactId>maven-pkg-plugin</artifactId>\r\n    <version>2.1.4</version>\r\n\r\nVersion 2.1.4 or higher is required, since it allows the installment of pre/post install/remove scripts in the resulting package.\r\n\r\n    :::::xml\r\n    <defaultDistro>ubuntu_hardy</defaultDistro>\r\n     \r\nThe pkg plugin can build packages for distributions like Debian and Ubuntu as well as embedded Linux variants like Maemo and OpenMoko.  Additionally it supports the creation of IzPack installers.  The *defaultDistro* tag value can be one of [these](http://wiki.evolvis.org/mvn-pkg-plugin/index.php/Built-in_Distribution-Definitions). \r\n\r\n    :::::xml\r\n    <auxPackageMapURL>\r\n         ${project.baseUri}/src/main/package/elevenbits.xml\r\n    </auxPackageMapURL>\r\n\r\nThe *auxPackageMapURL* should point to the ElevenBits package map.  This package map sets the *defaultBinPath* to <code>/usr/sbin</code>. That way the generated package will be runnable by root only.  You can find more info on the [PackageMaps](http://wiki.evolvis.org/mvn-pkg-plugin/index.php/PackageMaps) is available at the pkg site.  Here is the ElevenBits mapping xml:\r\n\r\n    :::::xml\r\n    <!--\r\n         Package maps document for Ubuntu 8.04 LTS (Hardy Heron) with\r\n         ElevenBits updates.\r\n    -->\r\n    <package-maps>\r\n         <version>1.0</version>\r\n         <distro>\r\n              <id>ubuntu_hardy</id>\r\n              <label>ElevenBits's Ubuntu Hardy mapping.</label>\r\n              <inherit>ubuntu_gutsy</inherit>\r\n              <defaultBinPath>/usr/sbin</defaultBinPath>\r\n              <map>\r\n                   <!-- Add extra mappings here. -->\r\n              </map>\r\n         </distro>\r\n    </package-maps>\r\n\r\nLets continue with some other tags:\r\n\r\n    :::::xml\r\n    <architecture>all</architecture>\r\n    <section>misc</section>\r\n    <mainClass>com.elevenbits.pppmonitor.PPPMonitor</mainClass>\r\n\r\nThe package will run on all architectures (since it is a Java application), the section in the package list is <code>misc</code> and the main class is <code>com.elevenbits.pppmonitor.PPPMonitor</code>.\r\n\r\n    ::::xml\r\n    <maintainer>\r\n         ElevenBits &lt;packages@elevenbits.com&gt;\r\n    </maintainer>\r\n\r\nThe maintainer will be used when signing the package.  This is in detail explained further below.\r\n\r\n    :::::xml\r\n    <customCodeUnix>\r\n          #echo \"Updating classpath...\"\r\n          POSTFIX=$${CLASSPATH_ARG#* }\r\n          PREFIX=/etc/pppmonitor\r\n          CLASSPATH_ARG=\"-cp $PREFIX:$POSTFIX\"\r\n          #echo \"Classpath: $CLASSPATH_ARG\"\r\n    </customCodeUnix>\r\n\r\nWhen pkg builds a package a script is created using the pom data.  At the end of the script the *customCodeUnix* is added by the plugin.  Here is the code generated for this example:\r\n\r\n    :::::bash\r\n    #!/bin/sh\r\n    # This file is autogenerated by the maven-pkg-plugin. The source responsible\r\n    # for this script can be found in class: de.tarent.maven.plugins.pkg.generator.WrapperScriptGenerator\r\n\r\n    # You can provide additional VM arguments by setting the VMARGS environment variable.\r\n    BOOTCLASSPATH_ARG=\"\"\r\n     \r\n    CLASSPATH_ARG=\"-cp /usr/share/java/pppmonitor/devices-1.1.0.jar:/usr/share/java/RXTXcomm.jar:/usr/share/java/commons-logging.jar:/usr/share/java/log4j-1.2.jar:/usr/share/java/pppmonitor/mail-1.4.jar:/usr/share/java/activation.jar:/usr/share/java/pppmonitor/jms-1.1.jar:/usr/share/java/pppmonitor/jmxtools-1.2.1.jar:/usr/share/java/pppmonitor/jmxri-1.2.1.jar:/usr/share/java/pppmonitor/rolling-appender-1.0.jar:/usr/share/java/pppmonitor.jar\"\r\n     \r\n    MAIN_CLASS=com.elevenbits.pppmonitor.PPPMonitor\r\n     \r\n    # Path of the shared libraries (e.g. for SWT\r\n    LIBRARY_PATH_ARG=\"-Djava.library.path=/usr/lib/jni:/usr/lib\"\r\n     \r\n    # Path to BC-ABI compiled classes. Has no effect on runtimes other than GCJ.\r\n    DB_PATH_ARG=\"\"\r\n     \r\n    # Additional system properties which are special for this application:\r\n    SYSTEM_PROPERTIES=\"\"\r\n     \r\n    # Allows overriding the VM by setting the JAVA environment variable.\r\n    if [ x${JAVA} = x ];\r\n    then\r\n         JAVA=java\r\n    fi\r\n\r\n    #echo \"Updating classpath...\"\r\n    POSTFIX=${CLASSPATH_ARG#* }\r\n    PREFIX=/etc/pppmonitor\r\n    CLASSPATH_ARG=\"-cp $PREFIX:$POSTFIX\"\r\n    #echo \"Classpath: $CLASSPATH_ARG\"\r\n     \r\n    exec ${JAVA}  ${VMARGS} ${BOOTCLASSPATH_ARG} ${CLASSPATH_ARG} ${LIBRARY_PATH_ARG} ${DB_PATH_ARG} ${SYSTEM_PROPERTIES} ${MAIN_CLASS} ${@}\r\n\r\nTo set up the <code>/etc</code> and the related data files you can use these tags:\r\n\r\n    :::::xml\r\n    <srcSysconfFilesDir>src/main/packager/etc</srcSysconfFilesDir>\r\n    <sysconfFiles>\r\n         <sysconfFile>\r\n              <from>log4j.xml</from>\r\n              <to>pppmonitor</to>\r\n          </sysconfFile>\r\n          <sysconfFile>\r\n               <from>pppmonitor.properties</from>\r\n               <to>pppmonitor</to>\r\n          </sysconfFile>\r\n    </sysconfFiles>\r\n    <datadir>\r\n         /usr/share/pppmonitor/\r\n    </datadir>\r\n    <dataFiles>\r\n         <dataFile>\r\n               <from>pppmonitor</from>\r\n               <to></to>\r\n         </dataFile>\r\n    </dataFiles>\r\n\r\nThe default <code>sysconfDir</code> is <code>/etc</code>.  The <code>pppmonitor</code> is a script that will be placed in the <code>/etc/init.d</code> by the <code>postinst.sh</code>.  The <code>ppppmonitor</code> script is created with the [Linux Standard Base](http://www.linuxfoundation.org/collaborate/workgroups/lsb) in mind:  \r\n\r\n    :::::bash\r\n    #! /bin/sh\r\n     \r\n    ### BEGIN INIT INFO\r\n    # Provides:             pppmonitor\r\n    # Required-Start:       $all\r\n    # Required-Stop:\r\n    # Default-Start:        2 3 4 5\r\n    # Default-Stop:         0 1 6\r\n    # Short-Description:    The ppp monitor checks the 3G/UMTS state\r\n    ### END INIT INFO\r\n    \r\n    # Do NOT \"set -e\"!\r\n     \r\n    PATH=/sbin:/usr/sbin:/bin:/usr/bin\r\n    NAME=pppmonitor\r\n    DESC=\"PPP Monitor\"\r\n    DAEMON=/usr/sbin/pppmonitor\r\n    PIDFILE=/var/run/pppmonitor.pid\r\n    SCRIPTNAME=/etc/init.d/$NAME\r\n     \r\n    # Exit if the package is not installed\r\n    [ -x $DAEMON ] || exit 0\r\n     \r\n    # Load the VERBOSE setting and other rcS variables\r\n    . /lib/init/vars.sh \r\n     \r\n    # Define the LSB start_daemoin, killproc and log_* functions\r\n    . /lib/lsb/init-functions\r\n     \r\n    case \"$1\" in\r\n        start)\r\n             [ \"$VERBOSE\" != no ] && log_daemon_msg \"Starting $DESC\" \"$NAME\"\r\n             start_daemon -p $PIDFILE $DAEMON \r\n             if [ $? -ne 0 ]; then\r\n                  [ \"$VERBOSE\" != no ] && log_end_msg 1 || \\\r\n                  log_failure_msg \"Oops!\"\r\n                  exit 1\r\n             fi\r\n             [ \"$VERBOSE\" != no ] && log_end_msg 0\r\n        ;;\r\n        stop)\r\n             [ \"$VERBOSE\" != no ] && log_daemon_msg \"Stopping $DESC\" \"$NAME\" \r\n             killproc -p $PIDFILE $DAEMON\r\n             if [ $? -ne 0 ]; then\r\n                  [ \"$VERBOSE\" != no ] && log_end_msg 1\r\n                  exit 1\r\n             fi\r\n             [ \"$VERBOSE\" != no ] && log_end_msg 0\r\n       ;;\r\n       restart)\r\n             log_daemon_msg \"Restarting $DESC\" \"$NAME\"\r\n             killproc -p $PIDFILE $DAEMON\r\n             if [ $? -ne 0 ]; then\r\n                  log_end_msg 1\r\n                  log_failure_msg \"Failed to stop $NAME.\"\r\n                  exit 1\r\n             fi\r\n             start_daemon -p $PIDFILE $DAEMON \r\n             if [ $? -ne 0 ]; then\r\n                  log_end_msg 1\r\n                  log_failure_msg \"Failed to start $NAME.\"\r\n                  exit 1\r\n             fi\r\n             log_end_msg 0\r\n        ;;\r\n        status)\r\n             log_failure_msg \"Status is not implemented yet.\"\r\n        ;;\r\n        *)\r\n             echo \"Usage: $SCRIPTNAME {start|stop|restart|status}\" >&2\r\n             exit 3\r\n        ;;\r\n    esac\r\n    exit 0\r\n\r\nThe last plugin tags define the install and remove scripts:\r\n\r\n    :::::xml\r\n    <srcAuxFilesDir>src/main/packager/scripts</srcAuxFilesDir>\r\n    <postinstScript>postinst.sh</postinstScript>\r\n    <postrmScript>postrm.sh</postrmScript>\r\n\r\nThey are placed in the directory set in the *srcAuxFilesDir*.  Here uis the <code>postinst.sh</code>:\r\n\r\n    :::::bash\r\n    echo \"Installing $name...\"\r\n    /bin/cp $datadir/$name /etc/init.d\r\n    /bin/chmod +x /etc/init.d/$name\r\n    cd /etc/init.d \r\n    /usr/sbin/update-rc.d $name start 95 2 3 4 5 . stop 95 0 1 6 .\r\n    echo \"Installed $name successfully!\"\r\n\r\nThe <code>postrm.sh</code>:\r\n\r\n    :::::bash\r\n    echo \"Removing $name...\"\r\n    /bin/rm -f /etc/init.d/$name\r\n    /usr/sbin/update-rc.d -f $name remove\r\n    echo \"Removed $name successfully!\"\r\n\r\nWhen following this example, do use this code layout for your maven package:\r\n\r\n![alt code](http://static.elevenbits.org/blog/24.12.2009.001.png \"Code Layout\")\r\n\r\n#####Execute\r\nThe pkg plugin has four goals: <code>config, pkg, sign</code> and <code>deploy</code>.  To create a package, use this command:\r\n\r\n\r\n    :::::console\r\n    user@box:~/java/workspace/pppmonitor$ mvn pkg:pkg\r\n    [INFO] Scanning for projects...\r\n    [INFO] ------------------------------------------------------------------------\r\n    [INFO] Building PPP Monitor\r\n    [INFO]    task-segment: [pkg:pkg]\r\n    [INFO] ------------------------------------------------------------------------\r\n    [INFO] Preparing pkg:pkg\r\n    [INFO] [resources:resources {execution: default-resources}]\r\n    [WARNING] Using platform encoding (UTF-8 actually) to copy filtered resources, i.e. build is platform dependent!\r\n    [INFO] Copying 1 resource\r\n    [INFO] [compiler:compile {execution: default-compile}]\r\n    [INFO] Nothing to compile - all classes are up to date\r\n    [INFO] [resources:testResources {execution: default-testResources}]\r\n    [WARNING] Using platform encoding (UTF-8 actually) to copy filtered resources, i.e. build is platform dependent!\r\n    [INFO] Copying 1 resource\r\n    [INFO] [compiler:testCompile {execution: default-testCompile}]\r\n    [INFO] Nothing to compile - all classes are up to date\r\n    [INFO] [surefire:test {execution: default-test}]\r\n    [INFO] Surefire report directory: /home/jw/java/workspace/pppmonitor/target/surefire-reports\r\n\r\n    -------------------------------------------------------\r\n     T E S T S\r\n    -------------------------------------------------------\r\n    Running com.elevenbits.pppmonitor.command.CurrentOperatorCommandTest\r\n    ...\r\n    [device] [DEBUG] [2009.12.25 13:52:11] com.elevenbits.pppmonitor.command.ATCommand.handleLine(146) | Received empty line, ignore\r\n    [device] [DEBUG] [2009.12.25 13:52:11] com.elevenbits.pppmonitor.command.ATCommand.handleLine(148) | Received OK, output complete\r\n    Tests run: 1, Failures: 0, Errors: 0, Skipped: 0, Time elapsed: 0.018 sec\r\n     \r\n    Results :\r\n\r\n    Tests run: 10, Failures: 0, Errors: 0, Skipped: 0\r\n     \r\n    [INFO] [jar:jar {execution: default-jar}]\r\n    [INFO] [pkg:pkg {execution: default-cli}]\r\n    [INFO] distribution             : ubuntu_hardy\r\n    [INFO] package system           : deb\r\n    [INFO] default package map      : built-in\r\n    [INFO] auxiliary package map    : file:/home/jw/java/workspace/pppmonitor//src/main/packager/elevenbits.xml\r\n    [INFO] type of project          : application\r\n    [INFO] section                  : misc\r\n    [INFO] bundle all dependencies  : no\r\n    [INFO] ahead of time compilation: no\r\n    [INFO] custom jar libraries     : <none>\r\n    [INFO] JNI libraries            : <none>\r\n    [INFO] auxiliary file source dir: src/main/packager/scripts\r\n    [INFO] auxiliary files          : <none>\r\n    [INFO] prefix                   : / (default)\r\n    [INFO] sysconf files source dir : src/main/packager/etc\r\n    [INFO] sysconfdir               : (default)\r\n    [INFO] dataroot files source dir: src/main/auxfiles (default)\r\n    [INFO] dataroot                 : (default)\r\n    [INFO] data files source dir    : src/main/auxfiles (default)\r\n    [INFO] datadir                  : /usr/share/pppmonitor/\r\n    [INFO] bindir                   : (default)\r\n    [INFO] creating temporary directory: /home/jw/java/workspace/pppmonitor/target/deb-tmp\r\n    [INFO] cleaning the temporary directory\r\n    [INFO] creating package directory: /home/jw/java/workspace/pppmonitor/target/deb-tmp/pppmonitor-0.0.3-0ubuntu~hardy-r6\r\n    [INFO] copying artifact: /home/jw/java/workspace/pppmonitor/target/pppmonitor-0.0.3.jar\r\n    [INFO] destination: /home/jw/java/workspace/pppmonitor/target/deb-tmp/pppmonitor-0.0.3-0ubuntu~hardy-r6/usr/share/java/pppmonitor.jar\r\n    [INFO] copying sysconf file: /home/jw/java/workspace/pppmonitor/src/main/packager/etc/log4j.xml\r\n    [INFO] destination: /home/jw/java/workspace/pppmonitor/target/deb-tmp/pppmonitor-0.0.3-0ubuntu~hardy-r6/etc/pppmonitor\r\n    [INFO] copying sysconf file: /home/jw/java/workspace/pppmonitor/src/main/packager/etc/pppmonitor.properties\r\n    [INFO] destination: /home/jw/java/workspace/pppmonitor/target/deb-tmp/pppmonitor-0.0.3-0ubuntu~hardy-r6/etc/pppmonitor\r\n    [INFO] copying data file: /home/jw/java/workspace/pppmonitor/src/main/packager/scripts/pppmonitor\r\n    [INFO] destination: /home/jw/java/workspace/pppmonitor/target/deb-tmp/pppmonitor-.0.3-0ubuntu~hardy-r6/usr/share/pppmonitor\r\n    [INFO] resolving dependency artifacts\r\n    [WARNING] ubuntu_hardy has no entry for: com.elevenbits:devices:jar:1.1.0:compile\r\n    [WARNING] ubuntu_hardy has no entry for: javax.mail:mail:jar:1.4:compile\r\n    [WARNING] ubuntu_hardy has no entry for: javax.jms:jms:jar:1.1:compile\r\n    [WARNING] ubuntu_hardy has no entry for: com.sun.jdmk:jmxtools:jar:1.2.1:compile\r\n    [WARNING] ubuntu_hardy has no entry for: com.sun.jmx:jmxri:jar:1.2.1:compile\r\n    [WARNING] ubuntu_hardy has no entry for: org.apache.log4j:rolling-appender:jar:1.0:compile\r\n    [INFO] using traditional starter\r\n    [INFO] copying 6 dependency artifacts.\r\n    [INFO] destination: /home/jw/java/workspace/pppmonitor/target/deb-tmp/pppmonitor-0.0.3-0ubuntu~hardy-r6/usr/share/java/pppmonitor\r\n    [INFO] copying artifact: org.apache.log4j:rolling-appender:jar:1.0:compile\r\n    [INFO] copying artifact: com.elevenbits:devices:jar:1.1.0:compile\r\n    [INFO] copying artifact: com.sun.jmx:jmxri:jar:1.2.1:compile\r\n    [INFO] copying artifact: javax.jms:jms:jar:1.1:compile\r\n    [INFO] copying artifact: com.sun.jdmk:jmxtools:jar:1.2.1:compile\r\n    [INFO] copying artifact: javax.mail:mail:jar:1.4:compile\r\n    [WARNING] ubuntu_hardy has no entry for: com.elevenbits:devices:jar:1.1.0:compile\r\n    [WARNING] ubuntu_hardy has no entry for: javax.mail:mail:jar:1.4:compile\r\n    [WARNING] ubuntu_hardy has no entry for: javax.jms:jms:jar:1.1:compile\r\n    [WARNING] ubuntu_hardy has no entry for: com.sun.jdmk:jmxtools:jar:1.2.1:compile\r\n    [WARNING] ubuntu_hardy has no entry for: com.sun.jmx:jmxri:jar:1.2.1:compile\r\n    [WARNING] ubuntu_hardy has no entry for: org.apache.log4j:rolling-appender:jar:1.0:compile\r\n    [INFO] creating control file: /home/jw/java/workspace/pppmonitor/target/deb-tmp/pppmonitor-0.0.3-0ubuntu~hardy-r6/DEBIAN/control\r\n    [INFO] calling dpkg-deb to create binary package\r\n    [INFO] ------------------------------------------------------------------------\r\n    [INFO] BUILD SUCCESSFUL\r\n    [INFO] ------------------------------------------------------------------------\r\n    [INFO] Total time: 5 seconds\r\n    [INFO] Finished at: Fri Dec 25 13:52:13 CET 2009\r\n    [INFO] Final Memory: 13M/78M\r\n    [INFO] ------------------------------------------------------------------------\r\n\r\nYou can find the <code>.deb</code> file in the <code>target</code> folder.\r\n\r\nTo sign and deploy a site to your (private) package list, you can use this command:\r\n\r\n    :::::console\r\n    user@box:~/java/workspace/pppmonitor$ mvn pkg sign deploy -Dmaven.test.skip -Drepo=<dupload config name>\r\n\r\nwhere the *dupload config name* is the name linking to your packaging system as specified in the /etc/dupload.conf file.  The dupload tool is a utility to upload Debian packages.  See [here](http://www.debian.org/doc/maint-guide/ch-upload.en.html) for an example and information regarding this command.\r\n",
    "active": true,
    "posted": "2009-12-24T14:55:20",
    "tags": [
      9,
      11,
      12,
      13
    ],
    "images": []
  }
},
{
  "model": "blog.entry",
  "pk": 11,
  "fields": {
    "created": "2010-04-16T21:45:44",
    "page": "BG",
    "title": "What's wrong with libraries, and what to do about it ",
    "body": "Surely [\"Just learn these 57 classes\"](http://www.pragprog.com/magazines/2010-04/tangled-up-in-tools) is not the re-use we were promised?",
    "active": true,
    "posted": "2010-04-16T21:46:08",
    "tags": [
      14,
      15
    ],
    "images": []
  }
},
{
  "model": "blog.entry",
  "pk": 14,
  "fields": {
    "created": "2010-07-15T18:43:57",
    "page": "BG",
    "title": "How to ask questions the smart way",
    "body": "In the world of hackers, the kind of answers you get to your technical questions depends as much on the way you ask the questions as on the difficulty of developing the answer. [This guide](http://www.catb.org/~esr/faqs/smart-questions.html) will teach you how to ask questions in a way more likely to get you a satisfactory answer.  It is written by [Eric S. Raymond](http://www.catb.org/~esr/), the author of [the cathedral & the bazaar](http://oreilly.com/catalog/9781565927247/).",
    "active": true,
    "posted": "2010-07-15T18:50:21",
    "tags": [
      6,
      14,
      15
    ],
    "images": []
  }
},
{
  "model": "blog.entry",
  "pk": 15,
  "fields": {
    "created": "2010-10-28T21:44:31",
    "page": "BG",
    "title": "0.1 + 0.2 != 0.3 and 0.1 * 0.2 != 0.02",
    "body": "[What every computer scientist should know about floating-point arithmetic](http://www.math.umd.edu/~jkolesar/mait613/floating_point_math.pdf).  A shorter and simpler explanation can be found [here](http://floating-point-gui.de/).\r\n",
    "active": true,
    "posted": "2010-10-29T21:44:44",
    "tags": [
      14,
      15
    ],
    "images": []
  }
},
{
  "model": "blog.entry",
  "pk": 17,
  "fields": {
    "created": "2010-12-30T12:37:12",
    "page": "BG",
    "title": "How to on port redirection in Cherokee",
    "body": "To redirect <code>http://a.mysite.com</code> to <code>http://mysite.com:8000</code> follow these steps in your [Cherokee](http://www.cherokee-project.com) admin web environment:\r\n\r\n- First go to the *vServers* tab and create a virtual server with name <code>a.mysite.com</code> and give it a *document root*, e.g. <code>/var/www</code>.\r\n\r\n- Then link to the *sources* tab and create a new [*information source*](http://www.cherokee-project.com/doc/config_info_sources.html) by clicking the 'plus' icon.  Enter <code>a.mysite.com</code> as nick and <code>mysite:8000</code> as connection.\r\n\r\n- Go back to the *vServers* tab.  After making sure that the <code>a.mysite.com</code> server is selected check that the host match method is set to 'match nickname'.\r\n\r\n- In the *behaviour* tab select the *default* directory and in the handler tab select *HTTP Reverse Proxy* from the *handler* dropdown list.  Then select *Round Robin* as balancer in the Back-end Server section.\r\n\r\n- In the section Assign Information Sources section select <code>a.mysite.com</code> as application server.\r\n\r\n- Then save and restart Cherokee.\r\n\r\nNow the <code>http://a.mysite.com</code> will be redirected automatically to  <code>http://mysite.com:8000</code>.  And, when your site becomes more popular, you can add more application servers to <code>mysite.com</code>. \r\n",
    "active": true,
    "posted": "2010-12-30T12:42:58",
    "tags": [
      17
    ],
    "images": []
  }
},
{
  "model": "blog.entry",
  "pk": 20,
  "fields": {
    "created": "2011-03-28T22:44:37",
    "page": "BG",
    "title": "Eclipse Classic (3.6 a.k.a Helios or 3.7) and the Marketplace plugin",
    "body": "After you've downloaded and installed Eclipse Classic (like the Helios release, or version 3.7), the Marketplace client plugin will not be installed.\r\n\r\nYou can however find and install this plugin via the <code>Help -> Install new software...</code> menu.  Check the Helios repository and search for *Marketplace*:\r\n\r\n![alt code](http://elevenbits.org/static/blog/28.03.2011.001.png \"Eclipse Marketplace\")\r\n\r\nAfter successful install you'll be able to install plugins using the market place via <code>Help -> Eclipse Marketplace...</code>\r\n\r\n![alt code](http://elevenbits.org/static/blog/28.03.2011.002.png \"Eclipse Marketplace\")\r\n\r\nEnjoy!",
    "active": true,
    "posted": "2011-03-28T22:44:52",
    "tags": [
      8
    ],
    "images": []
  }
},
{
  "model": "blog.entry",
  "pk": 21,
  "fields": {
    "created": "2012-08-15T08:31:44",
    "page": "BG",
    "title": "How to access cherokee-admin from a remote machine",
    "body": "The [cherokee-admin](http://www.cherokee-project.com/doc/other_bundle_cherokee-admin.html) binds only to local loopback by default. There are some workarounds:\r\n\r\n###Tunneling\r\nCreate an SSH tunnel. This is the recommended way. In order to do so you must issue the following command:\r\n\r\n```console\r\nuser@box:~$ ssh -L 9090:localhost:9090 remote_IP\r\n```\r\n\r\nHello there\r\n\r\n```python\r\nprint(f'Hello {there}; {[o.upper for o in somelist]})\r\n```\r\n\r\n\r\nAfter that your terminal will be logged in the remote machine.  There you can start the admin.  From then on you can access this remote interface through http://localhost:9090.  Every request will be forwarded to the remote IP running cherokee-admin.\r\n\r\n###The -b parameter\r\nLaunch cherokee-admin with the -b parameter in order to force it to listen to all the network interfaces.\r\n\r\n###Copy and paste\r\nFinally you could always install cherokee on your local host, configure it there and then copy the generated cherokee.conf file to the device running the cherokee instance you wanted to set up.",
    "active": true,
    "posted": "2012-08-15T08:35:15",
    "tags": [
      6,
      17
    ],
    "images": [
      6,
      7
    ]
  }
},
{
  "model": "blog.entry",
  "pk": 22,
  "fields": {
    "created": "2015-01-12T07:39:23",
    "page": "BG",
    "title": "Python 3 <3",
    "body": "Why still use Python 2?  Almost all packages are now Python 3.  Why make the same mistake Java made?",
    "active": false,
    "posted": "2015-01-12T07:41:17",
    "tags": [
      7,
      12
    ],
    "images": [
      5
    ]
  }
},
{
  "model": "blog.entry",
  "pk": 26,
  "fields": {
    "created": "2020-03-31T18:29:47",
    "page": "SS",
    "title": "Stilus",
    "body": "<a href=\"https://github.com/jw/stilus\">Stilus</a> is a library\r\nwhich allows you to transpile <a href=\"https://stylus-lang.com/\">Stylus</a> css.\r\n\r\nArchitecture\r\n============\r\n\r\nThe Stilus compiler reads a Stylus source file an produces a ccs file.\r\n\r\nParser\r\n------\r\n\r\nThe Lexer reads the source file and splits it into Tokens.  The Parser\r\nuses these tokens to create an `abstract syntax tree <https://en.wikipedia.org/wiki/Abstract_syntax_tree>`_ of nodes.\r\n\r\nNodes\r\n-----\r\n\r\nEach node denotes a structure occurring in the Stylus language.  For example\r\nthe *media* node contains the ``@media`` atrule in css; or the *boolean* node\r\ncontains a ``True`` and ``False`` value; the *each* node contains the content\r\nof a for loop.\r\n\r\nAll nodes are extensions of the parent Node class.\r\n\r\nIn the nodes directory you'll find the complete list of all nodes.\r\n\r\nBuiltin functions\r\n-----------------\r\n\r\nA set of builtin functions are available.  For example, the ``clone()`` and\r\n``convert()`` builtins are available.   See the functions directory for a\r\ncomplete list.  These builtin methods are plain Python methods.\r\n\r\nSome method are *raw* methods; others are not.\r\n\r\nThe index.styl file\r\n-------------------\r\n\r\nThe index.styl file is automatically imported and becomes part of the ast.\r\nIt contains an extra list of builtin functions, while the regular builtin\r\nfunctions are written in Python, these are written in Stylus.\r\n\r\nThe abstract syntax tree\r\n------------------------\r\n\r\nThe abstract syntax tree has a root.  The first element is the index.styl\r\nfile.  The other elements are added by the Parser while it reads the source\r\nfile(s).\r\n\r\nWhen the source file is read successfully (i.e. when no parsing errors are\r\nraised), the visitors are called.\r\n\r\nThe visitor pattern\r\n-------------------\r\n\r\n`The visitors pattern <https://en.wikipedia.org/wiki/Visitor_pattern>`_ is\r\nused to process each *Node* element.  There are currently three visitors,\r\nand they are processed in this order:\r\n\r\n 1. Evaluator\r\n 2. Normalizer\r\n 3. Compiler\r\n\r\nThe Evaluator\r\n^^^^^^^^^^^^^\r\n\r\nEvaluates the tree.  This visitor visits each node and processes it.  Some\r\nexamples:\r\n\r\n - If it visits an *if* node, it evaluates it and follows the true flow,\r\n   the false flow is discared.\r\n - If it visits a for loop it evaluates its body.\r\n - If it visits an *import* node it imports the file into the tree.\r\n - If it visits a *call* node to a (builtin or not) function, it calls it.\r\n\r\nAnd so on until all nodes are visited.\r\n\r\nThis will result in a larger tree (e.g. imported files, for loops,...)\r\nwith lots of nodes which will not be part of the resulting css.\r\n\r\nThe Normalizer\r\n^^^^^^^^^^^^^^\r\n\r\nThis visitor strips the *garbage* from the evaluated nodes, ditching null\r\nrules, resolving ruleset selectors et caetera.  This step performs the logic\r\nnecessary to facilitate the ``@extend`` functionality, as these must be\r\nresolved *before* buffering output.\r\n\r\nThe Compiler\r\n^^^^^^^^^^^^\r\n\r\nCompile to css, and return a string of CSS.\r\n\r\nChanges between Stylus and Stilus\r\n---------------------------------\r\n\r\nThis section is quite useless.\r\n\r\nNodes\r\n^^^^^\r\n\r\n*Node* is the root of all nodes.  All *node* types are set via the\r\n``node_name`` attribute.  The ``value`` attribute of a *node* is used to\r\ndenote its value, while in Stylus JavaScript implementation ``val`` is\r\nused.\r\n\r\nEvaluator\r\n^^^^^^^^^\r\n\r\nglobals vs commons: the Stylus ``globals`` in the ``Evaluator`` is called\r\n``commons``.\r\n\r\nglobal vs common: the Styls ``global`` in the ``Evaluator`` is called\r\n``common``.",
    "active": true,
    "posted": "2020-03-31T20:02:01",
    "tags": [
      18
    ],
    "images": []
  }
},
{
  "model": "blog.static",
  "pk": 1,
  "fields": {
    "name": "rero",
    "value": "Following the <a href=\"https://en.wikipedia.org/wiki/Eric_S._Raymond\">Eric S. Raymond</a> philosophy of <a href=\"http://www.catb.org/~esr/writings/cathedral-bazaar/cathedral-bazaar/ar01s04.html\"><strong>Release early,\r\nrelease often</strong></a>, you are visiting a real <em>bazaar</em>.  This website is a work in progress!"
  }
},
{
  "model": "blog.static",
  "pk": 2,
  "fields": {
    "name": "title",
    "value": "ElevenBits"
  }
},
{
  "model": "blog.static",
  "pk": 3,
  "fields": {
    "name": "copyright",
    "value": "\u00a9 copyright 2004-2016, m8n and ElevenBits"
  }
},
{
  "model": "blog.static",
  "pk": 4,
  "fields": {
    "name": "index.header",
    "value": "I am a software developer, designer and cyclist.  On this site I leave interesting findings and opinions."
  }
},
{
  "model": "blog.static",
  "pk": 6,
  "fields": {
    "name": "index.latest",
    "value": "Latest blog entry"
  }
},
{
  "model": "blog.static",
  "pk": 7,
  "fields": {
    "name": "index.entries",
    "value": "Latest stuff from my blog"
  }
},
{
  "model": "blog.static",
  "pk": 8,
  "fields": {
    "name": "contact.address",
    "value": "Address"
  }
},
{
  "model": "blog.static",
  "pk": 9,
  "fields": {
    "name": "contact.name",
    "value": "ElevenBits"
  }
},
{
  "model": "blog.static",
  "pk": 10,
  "fields": {
    "name": "contact.street",
    "value": "Z\u00e9nobe Grammestraat 22"
  }
},
{
  "model": "blog.static",
  "pk": 11,
  "fields": {
    "name": "contact.city",
    "value": "2018 Antwerp"
  }
},
{
  "model": "blog.static",
  "pk": 12,
  "fields": {
    "name": "contact.country",
    "value": "Belgium"
  }
},
{
  "model": "blog.static",
  "pk": 13,
  "fields": {
    "name": "contact.phone_and_email",
    "value": "Phone and e-mail"
  }
},
{
  "model": "blog.static",
  "pk": 14,
  "fields": {
    "name": "contact.phone",
    "value": "Phone: +32.472.96.99.96"
  }
},
{
  "model": "blog.static",
  "pk": 15,
  "fields": {
    "name": "contact.email",
    "value": "e-mail: jw@elevenbits.com"
  }
},
{
  "model": "blog.static",
  "pk": 16,
  "fields": {
    "name": "contact.vat",
    "value": "ElevenBits VAT number is BE.0.865.637.502."
  }
},
{
  "model": "blog.static",
  "pk": 17,
  "fields": {
    "name": "contact.account",
    "value": "ElevenBits Belgian bank account is: BE49&nbsp;7380&nbsp;2571&nbsp;9671"
  }
},
{
  "model": "blog.static",
  "pk": 18,
  "fields": {
    "name": "contact.vat_and_bank_account",
    "value": "VAT and bank account"
  }
},
{
  "model": "blog.static",
  "pk": 19,
  "fields": {
    "name": "contact.lets_keep_in_touch",
    "value": "Let's keep in touch!"
  }
},
{
  "model": "auth.permission",
  "pk": 1,
  "fields": {
    "name": "Can add permission",
    "content_type": 1,
    "codename": "add_permission"
  }
},
{
  "model": "auth.permission",
  "pk": 2,
  "fields": {
    "name": "Can change permission",
    "content_type": 1,
    "codename": "change_permission"
  }
},
{
  "model": "auth.permission",
  "pk": 3,
  "fields": {
    "name": "Can delete permission",
    "content_type": 1,
    "codename": "delete_permission"
  }
},
{
  "model": "auth.permission",
  "pk": 4,
  "fields": {
    "name": "Can view permission",
    "content_type": 1,
    "codename": "view_permission"
  }
},
{
  "model": "auth.permission",
  "pk": 5,
  "fields": {
    "name": "Can add group",
    "content_type": 2,
    "codename": "add_group"
  }
},
{
  "model": "auth.permission",
  "pk": 6,
  "fields": {
    "name": "Can change group",
    "content_type": 2,
    "codename": "change_group"
  }
},
{
  "model": "auth.permission",
  "pk": 7,
  "fields": {
    "name": "Can delete group",
    "content_type": 2,
    "codename": "delete_group"
  }
},
{
  "model": "auth.permission",
  "pk": 8,
  "fields": {
    "name": "Can view group",
    "content_type": 2,
    "codename": "view_group"
  }
},
{
  "model": "auth.permission",
  "pk": 9,
  "fields": {
    "name": "Can add user",
    "content_type": 3,
    "codename": "add_user"
  }
},
{
  "model": "auth.permission",
  "pk": 10,
  "fields": {
    "name": "Can change user",
    "content_type": 3,
    "codename": "change_user"
  }
},
{
  "model": "auth.permission",
  "pk": 11,
  "fields": {
    "name": "Can delete user",
    "content_type": 3,
    "codename": "delete_user"
  }
},
{
  "model": "auth.permission",
  "pk": 12,
  "fields": {
    "name": "Can view user",
    "content_type": 3,
    "codename": "view_user"
  }
},
{
  "model": "auth.permission",
  "pk": 13,
  "fields": {
    "name": "Can add content type",
    "content_type": 4,
    "codename": "add_contenttype"
  }
},
{
  "model": "auth.permission",
  "pk": 14,
  "fields": {
    "name": "Can change content type",
    "content_type": 4,
    "codename": "change_contenttype"
  }
},
{
  "model": "auth.permission",
  "pk": 15,
  "fields": {
    "name": "Can delete content type",
    "content_type": 4,
    "codename": "delete_contenttype"
  }
},
{
  "model": "auth.permission",
  "pk": 16,
  "fields": {
    "name": "Can view content type",
    "content_type": 4,
    "codename": "view_contenttype"
  }
},
{
  "model": "auth.permission",
  "pk": 17,
  "fields": {
    "name": "Can add session",
    "content_type": 5,
    "codename": "add_session"
  }
},
{
  "model": "auth.permission",
  "pk": 18,
  "fields": {
    "name": "Can change session",
    "content_type": 5,
    "codename": "change_session"
  }
},
{
  "model": "auth.permission",
  "pk": 19,
  "fields": {
    "name": "Can delete session",
    "content_type": 5,
    "codename": "delete_session"
  }
},
{
  "model": "auth.permission",
  "pk": 20,
  "fields": {
    "name": "Can view session",
    "content_type": 5,
    "codename": "view_session"
  }
},
{
  "model": "auth.permission",
  "pk": 21,
  "fields": {
    "name": "Can add log entry",
    "content_type": 6,
    "codename": "add_logentry"
  }
},
{
  "model": "auth.permission",
  "pk": 22,
  "fields": {
    "name": "Can change log entry",
    "content_type": 6,
    "codename": "change_logentry"
  }
},
{
  "model": "auth.permission",
  "pk": 23,
  "fields": {
    "name": "Can delete log entry",
    "content_type": 6,
    "codename": "delete_logentry"
  }
},
{
  "model": "auth.permission",
  "pk": 24,
  "fields": {
    "name": "Can view log entry",
    "content_type": 6,
    "codename": "view_logentry"
  }
},
{
  "model": "auth.permission",
  "pk": 25,
  "fields": {
    "name": "Can add Comment",
    "content_type": 7,
    "codename": "add_comment"
  }
},
{
  "model": "auth.permission",
  "pk": 26,
  "fields": {
    "name": "Can change Comment",
    "content_type": 7,
    "codename": "change_comment"
  }
},
{
  "model": "auth.permission",
  "pk": 27,
  "fields": {
    "name": "Can delete Comment",
    "content_type": 7,
    "codename": "delete_comment"
  }
},
{
  "model": "auth.permission",
  "pk": 28,
  "fields": {
    "name": "Can view Comment",
    "content_type": 7,
    "codename": "view_comment"
  }
},
{
  "model": "auth.permission",
  "pk": 29,
  "fields": {
    "name": "Can add entry",
    "content_type": 8,
    "codename": "add_entry"
  }
},
{
  "model": "auth.permission",
  "pk": 30,
  "fields": {
    "name": "Can change entry",
    "content_type": 8,
    "codename": "change_entry"
  }
},
{
  "model": "auth.permission",
  "pk": 31,
  "fields": {
    "name": "Can delete entry",
    "content_type": 8,
    "codename": "delete_entry"
  }
},
{
  "model": "auth.permission",
  "pk": 32,
  "fields": {
    "name": "Can view entry",
    "content_type": 8,
    "codename": "view_entry"
  }
},
{
  "model": "auth.permission",
  "pk": 33,
  "fields": {
    "name": "Can add image",
    "content_type": 9,
    "codename": "add_image"
  }
},
{
  "model": "auth.permission",
  "pk": 34,
  "fields": {
    "name": "Can change image",
    "content_type": 9,
    "codename": "change_image"
  }
},
{
  "model": "auth.permission",
  "pk": 35,
  "fields": {
    "name": "Can delete image",
    "content_type": 9,
    "codename": "delete_image"
  }
},
{
  "model": "auth.permission",
  "pk": 36,
  "fields": {
    "name": "Can view image",
    "content_type": 9,
    "codename": "view_image"
  }
},
{
  "model": "auth.permission",
  "pk": 37,
  "fields": {
    "name": "Can add static",
    "content_type": 10,
    "codename": "add_static"
  }
},
{
  "model": "auth.permission",
  "pk": 38,
  "fields": {
    "name": "Can change static",
    "content_type": 10,
    "codename": "change_static"
  }
},
{
  "model": "auth.permission",
  "pk": 39,
  "fields": {
    "name": "Can delete static",
    "content_type": 10,
    "codename": "delete_static"
  }
},
{
  "model": "auth.permission",
  "pk": 40,
  "fields": {
    "name": "Can view static",
    "content_type": 10,
    "codename": "view_static"
  }
},
{
  "model": "auth.permission",
  "pk": 41,
  "fields": {
    "name": "Can add tag",
    "content_type": 11,
    "codename": "add_tag"
  }
},
{
  "model": "auth.permission",
  "pk": 42,
  "fields": {
    "name": "Can change tag",
    "content_type": 11,
    "codename": "change_tag"
  }
},
{
  "model": "auth.permission",
  "pk": 43,
  "fields": {
    "name": "Can delete tag",
    "content_type": 11,
    "codename": "delete_tag"
  }
},
{
  "model": "auth.permission",
  "pk": 44,
  "fields": {
    "name": "Can view tag",
    "content_type": 11,
    "codename": "view_tag"
  }
},
{
  "model": "auth.permission",
  "pk": 45,
  "fields": {
    "name": "Can add deployment",
    "content_type": 12,
    "codename": "add_deployment"
  }
},
{
  "model": "auth.permission",
  "pk": 46,
  "fields": {
    "name": "Can change deployment",
    "content_type": 12,
    "codename": "change_deployment"
  }
},
{
  "model": "auth.permission",
  "pk": 47,
  "fields": {
    "name": "Can delete deployment",
    "content_type": 12,
    "codename": "delete_deployment"
  }
},
{
  "model": "auth.permission",
  "pk": 48,
  "fields": {
    "name": "Can view deployment",
    "content_type": 12,
    "codename": "view_deployment"
  }
},
{
  "model": "auth.permission",
  "pk": 49,
  "fields": {
    "name": "Can add Site Tree",
    "content_type": 13,
    "codename": "add_tree"
  }
},
{
  "model": "auth.permission",
  "pk": 50,
  "fields": {
    "name": "Can change Site Tree",
    "content_type": 13,
    "codename": "change_tree"
  }
},
{
  "model": "auth.permission",
  "pk": 51,
  "fields": {
    "name": "Can delete Site Tree",
    "content_type": 13,
    "codename": "delete_tree"
  }
},
{
  "model": "auth.permission",
  "pk": 52,
  "fields": {
    "name": "Can view Site Tree",
    "content_type": 13,
    "codename": "view_tree"
  }
},
{
  "model": "auth.permission",
  "pk": 53,
  "fields": {
    "name": "Can add Site Tree Item",
    "content_type": 14,
    "codename": "add_treeitem"
  }
},
{
  "model": "auth.permission",
  "pk": 54,
  "fields": {
    "name": "Can change Site Tree Item",
    "content_type": 14,
    "codename": "change_treeitem"
  }
},
{
  "model": "auth.permission",
  "pk": 55,
  "fields": {
    "name": "Can delete Site Tree Item",
    "content_type": 14,
    "codename": "delete_treeitem"
  }
},
{
  "model": "auth.permission",
  "pk": 56,
  "fields": {
    "name": "Can view Site Tree Item",
    "content_type": 14,
    "codename": "view_treeitem"
  }
},
{
  "model": "auth.permission",
  "pk": 57,
  "fields": {
    "name": "Can add text",
    "content_type": 15,
    "codename": "add_text"
  }
},
{
  "model": "auth.permission",
  "pk": 58,
  "fields": {
    "name": "Can change text",
    "content_type": 15,
    "codename": "change_text"
  }
},
{
  "model": "auth.permission",
  "pk": 59,
  "fields": {
    "name": "Can delete text",
    "content_type": 15,
    "codename": "delete_text"
  }
},
{
  "model": "auth.permission",
  "pk": 60,
  "fields": {
    "name": "Can view text",
    "content_type": 15,
    "codename": "view_text"
  }
},
{
  "model": "auth.permission",
  "pk": 61,
  "fields": {
    "name": "Can add topic",
    "content_type": 16,
    "codename": "add_topic"
  }
},
{
  "model": "auth.permission",
  "pk": 62,
  "fields": {
    "name": "Can change topic",
    "content_type": 16,
    "codename": "change_topic"
  }
},
{
  "model": "auth.permission",
  "pk": 63,
  "fields": {
    "name": "Can delete topic",
    "content_type": 16,
    "codename": "delete_topic"
  }
},
{
  "model": "auth.permission",
  "pk": 64,
  "fields": {
    "name": "Can view topic",
    "content_type": 16,
    "codename": "view_topic"
  }
},
{
  "model": "auth.permission",
  "pk": 65,
  "fields": {
    "name": "Can add type",
    "content_type": 17,
    "codename": "add_type"
  }
},
{
  "model": "auth.permission",
  "pk": 66,
  "fields": {
    "name": "Can change type",
    "content_type": 17,
    "codename": "change_type"
  }
},
{
  "model": "auth.permission",
  "pk": 67,
  "fields": {
    "name": "Can delete type",
    "content_type": 17,
    "codename": "delete_type"
  }
},
{
  "model": "auth.permission",
  "pk": 68,
  "fields": {
    "name": "Can view type",
    "content_type": 17,
    "codename": "view_type"
  }
},
{
  "model": "auth.permission",
  "pk": 69,
  "fields": {
    "name": "Can add menu",
    "content_type": 18,
    "codename": "add_menu"
  }
},
{
  "model": "auth.permission",
  "pk": 70,
  "fields": {
    "name": "Can change menu",
    "content_type": 18,
    "codename": "change_menu"
  }
},
{
  "model": "auth.permission",
  "pk": 71,
  "fields": {
    "name": "Can delete menu",
    "content_type": 18,
    "codename": "delete_menu"
  }
},
{
  "model": "auth.permission",
  "pk": 72,
  "fields": {
    "name": "Can view menu",
    "content_type": 18,
    "codename": "view_menu"
  }
},
{
  "model": "auth.user",
  "pk": 1,
  "fields": {
    "password": "pbkdf2_sha256$180000$Z3Tn1LzRar36$NQmQ7Ody0exDOO9HBIGFKevlEVDmy2DkTRrvtBqXnsA=",
    "last_login": "2020-03-18T21:00:10.110",
    "is_superuser": true,
    "username": "jw",
    "first_name": "",
    "last_name": "",
    "email": "jw@elevenbits.com",
    "is_staff": true,
    "is_active": true,
    "date_joined": "2020-02-18T21:10:07.495",
    "groups": [],
    "user_permissions": []
  }
},
{
  "model": "admin.logentry",
  "pk": 1,
  "fields": {
    "action_time": "2020-03-18T21:01:21.107",
    "user": 1,
    "content_type": 9,
    "object_id": "5",
    "object_repr": "tmp/thumbnail.png (Code to code.)",
    "action_flag": 1,
    "change_message": "[{\"added\": {}}]"
  }
},
{
  "model": "admin.logentry",
  "pk": 2,
  "fields": {
    "action_time": "2020-03-18T21:01:44.741",
    "user": 1,
    "content_type": 8,
    "object_id": "25",
    "object_repr": "Hello",
    "action_flag": 2,
    "change_message": "[{\"changed\": {\"fields\": [\"Images\"]}}]"
  }
},
{
  "model": "admin.logentry",
  "pk": 3,
  "fields": {
    "action_time": "2020-03-22T15:52:59.006",
    "user": 1,
    "content_type": 8,
    "object_id": "22",
    "object_repr": "Python 3 <3",
    "action_flag": 2,
    "change_message": "[{\"changed\": {\"fields\": [\"Images\"]}}]"
  }
},
{
  "model": "admin.logentry",
  "pk": 4,
  "fields": {
    "action_time": "2020-03-22T15:56:40.084",
    "user": 1,
    "content_type": 9,
    "object_id": "6",
    "object_repr": "tmp/gbowden_morzine.jpg (wafsezgts)",
    "action_flag": 1,
    "change_message": "[{\"added\": {}}]"
  }
},
{
  "model": "admin.logentry",
  "pk": 5,
  "fields": {
    "action_time": "2020-03-22T15:56:53.860",
    "user": 1,
    "content_type": 9,
    "object_id": "7",
    "object_repr": "tmp/sguiheneuc_contrast.jpg (regg)",
    "action_flag": 1,
    "change_message": "[{\"added\": {}}]"
  }
},
{
  "model": "admin.logentry",
  "pk": 6,
  "fields": {
    "action_time": "2020-03-22T15:56:55.994",
    "user": 1,
    "content_type": 8,
    "object_id": "21",
    "object_repr": "How to access cherokee-admin from a remote machine",
    "action_flag": 2,
    "change_message": "[{\"changed\": {\"fields\": [\"Images\"]}}]"
  }
},
{
  "model": "admin.logentry",
  "pk": 7,
  "fields": {
    "action_time": "2020-03-23T21:18:42.592",
    "user": 1,
    "content_type": 18,
    "object_id": "1",
    "object_repr": "root (root)]",
    "action_flag": 1,
    "change_message": "[{\"added\": {}}]"
  }
},
{
  "model": "admin.logentry",
  "pk": 8,
  "fields": {
    "action_time": "2020-03-23T21:18:55.500",
    "user": 1,
    "content_type": 18,
    "object_id": "2",
    "object_repr": "stilus (/stilus)]",
    "action_flag": 1,
    "change_message": "[{\"added\": {}}]"
  }
},
{
  "model": "admin.logentry",
  "pk": 9,
  "fields": {
    "action_time": "2020-03-23T21:19:02.411",
    "user": 1,
    "content_type": 18,
    "object_id": "3",
    "object_repr": "blog (/blog)]",
    "action_flag": 1,
    "change_message": "[{\"added\": {}}]"
  }
},
{
  "model": "admin.logentry",
  "pk": 10,
  "fields": {
    "action_time": "2020-03-23T21:19:11.028",
    "user": 1,
    "content_type": 18,
    "object_id": "4",
    "object_repr": "content (/content)]",
    "action_flag": 1,
    "change_message": "[{\"added\": {}}]"
  }
},
{
  "model": "admin.logentry",
  "pk": 11,
  "fields": {
    "action_time": "2020-03-23T21:29:14.627",
    "user": 1,
    "content_type": 18,
    "object_id": "1",
    "object_repr": "root",
    "action_flag": 1,
    "change_message": "[{\"added\": {}}]"
  }
},
{
  "model": "admin.logentry",
  "pk": 12,
  "fields": {
    "action_time": "2020-03-23T21:29:25.653",
    "user": 1,
    "content_type": 18,
    "object_id": "2",
    "object_repr": "\u2014 Stilus",
    "action_flag": 1,
    "change_message": "[{\"added\": {}}]"
  }
},
{
  "model": "admin.logentry",
  "pk": 13,
  "fields": {
    "action_time": "2020-03-23T21:29:40.091",
    "user": 1,
    "content_type": 18,
    "object_id": "3",
    "object_repr": "Blog",
    "action_flag": 1,
    "change_message": "[{\"added\": {}}]"
  }
},
{
  "model": "admin.logentry",
  "pk": 14,
  "fields": {
    "action_time": "2020-03-23T21:29:53.165",
    "user": 1,
    "content_type": 18,
    "object_id": "4",
    "object_repr": "Contact",
    "action_flag": 1,
    "change_message": "[{\"added\": {}}]"
  }
},
{
  "model": "admin.logentry",
  "pk": 15,
  "fields": {
    "action_time": "2020-03-23T21:30:34.596",
    "user": 1,
    "content_type": 18,
    "object_id": "2",
    "object_repr": "\u2014 Stilus",
    "action_flag": 2,
    "change_message": "[]"
  }
},
{
  "model": "admin.logentry",
  "pk": 16,
  "fields": {
    "action_time": "2020-03-23T21:35:29.226",
    "user": 1,
    "content_type": 18,
    "object_id": "3",
    "object_repr": "Blog",
    "action_flag": 2,
    "change_message": "[{\"changed\": {\"fields\": [\"Parent\"]}}]"
  }
},
{
  "model": "admin.logentry",
  "pk": 17,
  "fields": {
    "action_time": "2020-03-23T21:35:35.935",
    "user": 1,
    "content_type": 18,
    "object_id": "4",
    "object_repr": "Contact",
    "action_flag": 2,
    "change_message": "[{\"changed\": {\"fields\": [\"Parent\"]}}]"
  }
},
{
  "model": "admin.logentry",
  "pk": 18,
  "fields": {
    "action_time": "2020-03-23T21:35:57.747",
    "user": 1,
    "content_type": 18,
    "object_id": "2",
    "object_repr": "\u2014 Stilus",
    "action_flag": 2,
    "change_message": "[{\"changed\": {\"fields\": [\"Priority\"]}}]"
  }
},
{
  "model": "admin.logentry",
  "pk": 19,
  "fields": {
    "action_time": "2020-03-23T21:36:15.269",
    "user": 1,
    "content_type": 18,
    "object_id": "4",
    "object_repr": "\u2014 Contact",
    "action_flag": 2,
    "change_message": "[{\"changed\": {\"fields\": [\"Priority\"]}}]"
  }
},
{
  "model": "admin.logentry",
  "pk": 20,
  "fields": {
    "action_time": "2020-03-23T21:36:23.864",
    "user": 1,
    "content_type": 18,
    "object_id": "3",
    "object_repr": "\u2014 Blog",
    "action_flag": 2,
    "change_message": "[{\"changed\": {\"fields\": [\"Priority\"]}}]"
  }
},
{
  "model": "admin.logentry",
  "pk": 21,
  "fields": {
    "action_time": "2020-03-23T21:36:38.076",
    "user": 1,
    "content_type": 18,
    "object_id": "4",
    "object_repr": "\u2014 Contact",
    "action_flag": 2,
    "change_message": "[{\"changed\": {\"fields\": [\"Priority\"]}}]"
  }
},
{
  "model": "admin.logentry",
  "pk": 22,
  "fields": {
    "action_time": "2020-03-23T21:40:31.655",
    "user": 1,
    "content_type": 18,
    "object_id": "2",
    "object_repr": "\u2014 Stilus",
    "action_flag": 3,
    "change_message": ""
  }
},
{
  "model": "admin.logentry",
  "pk": 23,
  "fields": {
    "action_time": "2020-03-23T21:40:37.104",
    "user": 1,
    "content_type": 18,
    "object_id": "1",
    "object_repr": "root",
    "action_flag": 3,
    "change_message": ""
  }
},
{
  "model": "admin.logentry",
  "pk": 24,
  "fields": {
    "action_time": "2020-03-23T21:40:50.612",
    "user": 1,
    "content_type": 18,
    "object_id": "5",
    "object_repr": "root",
    "action_flag": 1,
    "change_message": "[{\"added\": {}}]"
  }
},
{
  "model": "admin.logentry",
  "pk": 25,
  "fields": {
    "action_time": "2020-03-23T21:41:20.243",
    "user": 1,
    "content_type": 18,
    "object_id": "6",
    "object_repr": "\u2014 stilus",
    "action_flag": 1,
    "change_message": "[{\"added\": {}}]"
  }
},
{
  "model": "admin.logentry",
  "pk": 26,
  "fields": {
    "action_time": "2020-03-23T21:41:28.291",
    "user": 1,
    "content_type": 18,
    "object_id": "7",
    "object_repr": "blog",
    "action_flag": 1,
    "change_message": "[{\"added\": {}}]"
  }
},
{
  "model": "admin.logentry",
  "pk": 27,
  "fields": {
    "action_time": "2020-03-23T21:41:38.134",
    "user": 1,
    "content_type": 18,
    "object_id": "8",
    "object_repr": "contact",
    "action_flag": 1,
    "change_message": "[{\"added\": {}}]"
  }
},
{
  "model": "admin.logentry",
  "pk": 28,
  "fields": {
    "action_time": "2020-03-23T21:42:03.344",
    "user": 1,
    "content_type": 18,
    "object_id": "5",
    "object_repr": "root",
    "action_flag": 2,
    "change_message": "[{\"changed\": {\"fields\": [\"Priority\"]}}]"
  }
},
{
  "model": "admin.logentry",
  "pk": 29,
  "fields": {
    "action_time": "2020-03-23T21:42:11.222",
    "user": 1,
    "content_type": 18,
    "object_id": "6",
    "object_repr": "\u2014 stilus",
    "action_flag": 2,
    "change_message": "[]"
  }
},
{
  "model": "admin.logentry",
  "pk": 30,
  "fields": {
    "action_time": "2020-03-23T21:42:16.503",
    "user": 1,
    "content_type": 18,
    "object_id": "7",
    "object_repr": "blog",
    "action_flag": 2,
    "change_message": "[{\"changed\": {\"fields\": [\"Parent\"]}}]"
  }
},
{
  "model": "admin.logentry",
  "pk": 31,
  "fields": {
    "action_time": "2020-03-23T21:42:23.118",
    "user": 1,
    "content_type": 18,
    "object_id": "8",
    "object_repr": "contact",
    "action_flag": 2,
    "change_message": "[{\"changed\": {\"fields\": [\"Parent\"]}}]"
  }
},
{
  "model": "admin.logentry",
  "pk": 32,
  "fields": {
    "action_time": "2020-03-25T19:42:05.405",
    "user": 1,
    "content_type": 18,
    "object_id": "6",
    "object_repr": "\u2014 stilus",
    "action_flag": 2,
    "change_message": "[{\"changed\": {\"fields\": [\"Priority\"]}}]"
  }
},
{
  "model": "admin.logentry",
  "pk": 33,
  "fields": {
    "action_time": "2020-03-25T19:42:13.959",
    "user": 1,
    "content_type": 18,
    "object_id": "7",
    "object_repr": "\u2014 blog",
    "action_flag": 2,
    "change_message": "[{\"changed\": {\"fields\": [\"Priority\"]}}]"
  }
},
{
  "model": "admin.logentry",
  "pk": 34,
  "fields": {
    "action_time": "2020-03-25T19:42:23.426",
    "user": 1,
    "content_type": 18,
    "object_id": "8",
    "object_repr": "\u2014 contact",
    "action_flag": 2,
    "change_message": "[{\"changed\": {\"fields\": [\"Priority\"]}}]"
  }
},
{
  "model": "admin.logentry",
  "pk": 35,
  "fields": {
    "action_time": "2020-03-25T20:51:17.996",
    "user": 1,
    "content_type": 18,
    "object_id": "6",
    "object_repr": "\u2014 stilus",
    "action_flag": 2,
    "change_message": "[{\"changed\": {\"fields\": [\"Url\"]}}]"
  }
},
{
  "model": "admin.logentry",
  "pk": 36,
  "fields": {
    "action_time": "2020-03-28T15:34:15.794",
    "user": 1,
    "content_type": 8,
    "object_id": "25",
    "object_repr": "Hello",
    "action_flag": 2,
    "change_message": "[{\"changed\": {\"fields\": [\"Body\"]}}]"
  }
},
{
  "model": "admin.logentry",
  "pk": 37,
  "fields": {
    "action_time": "2020-03-28T16:11:19.313",
    "user": 1,
    "content_type": 8,
    "object_id": "25",
    "object_repr": "Hello",
    "action_flag": 3,
    "change_message": ""
  }
},
{
  "model": "admin.logentry",
  "pk": 38,
  "fields": {
    "action_time": "2020-03-28T16:11:27.364",
    "user": 1,
    "content_type": 8,
    "object_id": "22",
    "object_repr": "Python 3 <3",
    "action_flag": 2,
    "change_message": "[{\"changed\": {\"fields\": [\"Active\"]}}]"
  }
},
{
  "model": "admin.logentry",
  "pk": 39,
  "fields": {
    "action_time": "2020-03-28T18:17:52.834",
    "user": 1,
    "content_type": 8,
    "object_id": "21",
    "object_repr": "How to access cherokee-admin from a remote machine",
    "action_flag": 2,
    "change_message": "[{\"changed\": {\"fields\": [\"Body\"]}}]"
  }
},
{
  "model": "admin.logentry",
  "pk": 40,
  "fields": {
    "action_time": "2020-03-28T18:18:31.734",
    "user": 1,
    "content_type": 8,
    "object_id": "21",
    "object_repr": "How to access cherokee-admin from a remote machine",
    "action_flag": 2,
    "change_message": "[{\"changed\": {\"fields\": [\"Body\"]}}]"
  }
},
{
  "model": "admin.logentry",
  "pk": 41,
  "fields": {
    "action_time": "2020-03-28T19:00:44.100",
    "user": 1,
    "content_type": 8,
    "object_id": "21",
    "object_repr": "How to access cherokee-admin from a remote machine",
    "action_flag": 2,
    "change_message": "[{\"changed\": {\"fields\": [\"Body\"]}}]"
  }
},
{
  "model": "admin.logentry",
  "pk": 42,
  "fields": {
    "action_time": "2020-03-29T15:17:57.467",
    "user": 1,
    "content_type": 18,
    "object_id": "6",
    "object_repr": "\u2014 stilus",
    "action_flag": 2,
    "change_message": "[{\"changed\": {\"fields\": [\"Url\"]}}]"
  }
},
{
  "model": "admin.logentry",
  "pk": 43,
  "fields": {
    "action_time": "2020-03-29T15:18:06.789",
    "user": 1,
    "content_type": 18,
    "object_id": "8",
    "object_repr": "\u2014 contact",
    "action_flag": 2,
    "change_message": "[]"
  }
},
{
  "model": "admin.logentry",
  "pk": 44,
  "fields": {
    "action_time": "2020-03-29T20:24:05.524",
    "user": 1,
    "content_type": 8,
    "object_id": "21",
    "object_repr": "How to access cherokee-admin from a remote machine",
    "action_flag": 2,
    "change_message": "[{\"changed\": {\"fields\": [\"Body\"]}}]"
  }
},
{
  "model": "admin.logentry",
  "pk": 45,
  "fields": {
    "action_time": "2020-03-29T20:24:32.209",
    "user": 1,
    "content_type": 8,
    "object_id": "21",
    "object_repr": "How to access cherokee-admin from a remote machine",
    "action_flag": 2,
    "change_message": "[{\"changed\": {\"fields\": [\"Body\"]}}]"
  }
},
{
  "model": "admin.logentry",
  "pk": 46,
  "fields": {
    "action_time": "2020-03-30T19:48:09.298",
    "user": 1,
    "content_type": 11,
    "object_id": "18",
    "object_repr": "stilus",
    "action_flag": 1,
    "change_message": "[{\"added\": {}}]"
  }
},
{
  "model": "admin.logentry",
  "pk": 47,
  "fields": {
    "action_time": "2020-03-31T20:02:08.824",
    "user": 1,
    "content_type": 8,
    "object_id": "26",
    "object_repr": "Stilus",
    "action_flag": 1,
    "change_message": "[{\"added\": {}}]"
  }
}
]
